"titles","Freq"
" EXECUTIVE OFFICER ",221
" TREASURER SECRETARY ",221
" VICE PRESIDENT ADMINISTRATION FINANCE ",221
" FINANCIAL MANAGER ",218
" SENIOR VICE PRESIDENT CIO ",218
" INTERIM CFO ",217
" ASSISTANT ADMINISTRATOR ",216
" MED DIRECTOR ",216
" TRUSTEE PRESIDENT ",215
" VICE PRESIDENT STUDENT DEVELOPMENT ",215
" DEVELOPMENT ",213
" ASSISTANT PROFESSOR ",212
" TRUSTEE PHYSICIAN ",212
" EXECUTIVE SECRETARY ",210
" VICE PRESIDENT FACILITIES ",210
" ASSOCIATE HEAD SCHOOL ",209
" CEO ADMINISTRATOR ",207
" EXECUTIVE ",207
" FOUNDER ",206
" OB GYN PHYSICIAN ",206
" VICE PRESIDENT CLINICAL OPERATIONS ",206
" GENERAL SURGEON ",205
" VICE PRESIDENT PHILANTHROPY ",204
" CEO ADMINISTRATION ",203
" VICE PRESIDENT CHIEF NURSING OFFICER ",202
" GENERAL DIRECTOR ",201
" PROGRAM COORDINATOR ",200
" CHANCELLOR ",199
" SUPERVISOR ",199
" BOARD SECRETARY ",198
" PRESIDENT CHAIR ",198
" CHIEF COMPLIANCE OFFICER ",196
" DEAN FACULTY ",196
" ASSISTANT MEDICAL DIRECTOR ",195
" MANAGING ATTORNEY ",195
" CEO SECRETARY ",194
" SENIOR DIRECTOR DEVELOPMENT ",194
" EXECUTIVE DIRECTOR TREASURER ",191
" PROFESSOR LAW ",190
" SENIOR VICE PRESIDENT CMO ",190
" PHYSICAN ",188
" MUSEUM DIRECTOR ",187
" DIRECTOR ACCOUNTING ",186
" EDUCATION DIRECTOR ",185
" FISCAL MANAGER ",184
" COMMUNICATIONS DIRECTOR ",182
" SENIOR ASSOCIATE ",182
" VICE PRESIDENT ACADEMICS ",181
" DIRECTOR EMPLOYEE ",178
" MUSICIAN ",176
" INTERNIST ",175
" CLINICAL PHARMACIST ",173
" VICE PRESIDENT PATIENT SERVICES ",173
" EMPLOYED PHYSICIAN ",172
" VICE PRESIDENT UNIVERSITY ADVANCEMENT ",172
" NURSE ANESTHETIST ",171
" PRESIDENT AN ",171
" CCO ",169
" FAMILY PRACTICE PHYSICIAN ",169
" MIDDLE SCHOOL PRINCIPAL ",169
" ASSISTANT TREASURER CFO ",167
" BUSINESS DIRECTOR ",167
" PSYCHOLOGIST ",166
" PHYSICIST ",164
" DIRECTOR INFORMATION SYSTEMS ",163
" M D ",163
" PRESIDENT EX OFFICER ",163
" ACCOUNTING MANAGER ",162
" EXECUTIVE ASSISTANT ",161
" FORMER VICE PRESIDENT ",160
" DIRECTOR CLINICAL SERVICES ",159
" CFO ASSISTANT TREASURER ",158
" CHIEF PARTY ",158
" TREASURER DIRECTOR ",158
" VICE PRESIDENT CMO ",158
" FINANCIAL OFFICER ",157
" HIGHEST COMPENSATED EMPLOYEE ",157
" INTERIM EXECUTIVE ",157
" CHAIR PRESIDENT ",156
" VICE PRESIDENT FINANCIAL SERVICES ",156
" DEAN SCHOOL BUSINESS ",155
" SENIOR VICE PRESIDENT PROGRAM ",155
" CHIEF ACADEMICS ",154
" PRESIDENT CEO TRUSTEE ",153
" GENERAL COUNSEL SECRETARY ",152
" VICE PRESIDENT BUSINESS ",152
" INTERIM DIRECTOR ",151
" PAST PRESIDENT ",151
" SENIOR VICE PRESIDENT ADMINISTRATION ",150
" SENIOR VICE PRESIDENT CHIEF FINANCIAL OFFICER ",150
" ACTING EXECUTIVE DIRECTOR ",148
" COACH ",148
" DIRECTOR SECRETARY ",148
" CO PRESIDENT ",147
" SCIENTIST ",147
" SENIOR VICE PRESIDENT FINANCE ADMINISTRATION ",147
" SENIOR VICE PRESIDENT MEDICAL AFFAIRS ",147
" VICE PRESIDENT INFORMATION SERVICES ",147
" TECHNICAL DIRECTOR ",146
" VICE PRESIDENT INFORMATION SYSTEMS ",146
